param1,param2,param3,param4
Britni,Warland,bwarland0@over-blog.com,Female
Ravid,Spinnace,rspinnace1@umich.edu,Male
Hymie,Tetsall,htetsall2@hhs.gov,Male
Ellsworth,O'Hickee,eohickee3@blogtalkradio.com,Male
Godfry,Sasser,gsasser4@moonfruit.com,Male
Lind,Tuff,ltuff5@cdc.gov,Female
Agosto,Cooke,acooke6@weibo.com,Male
Mose,Speere,mspeere7@mapquest.com,Male
Cozmo,Brant,cbrant8@washingtonpost.com,Male
Con,Hedgeley,chedgeley9@oracle.com,Female
Hamnet,Kilkenny,hkilkennya@mozilla.org,Male
Julina,Sammut,jsammutb@washington.edu,Female
Meade,Kilbourne,mkilbournec@issuu.com,Female
Alis,Meekins,ameekinsd@shareasale.com,Female
Sheeree,Cawthry,scawthrye@qq.com,Female
Dani,Burnside,dburnsidef@diigo.com,Male
Corliss,Pawels,cpawelsg@icio.us,Female
Francesco,Burness,fburnessh@360.cn,Male
Micheline,Watchorn,mwatchorni@xing.com,Female
Olvan,Furlonge,ofurlongej@wisc.edu,Male
Brigit,Skeermor,bskeermork@tuttocitta.it,Non-binary
Agna,Whistlecroft,awhistlecroftl@merriam-webster.com,Female
Austin,Digweed,adigweedm@imdb.com,Female
Celie,Brammall,cbrammalln@youtu.be,Female
Harriett,Wolfenden,hwolfendeno@comsenz.com,Female
Hilton,Amott,hamottp@oakley.com,Male
Etti,Blogg,ebloggq@google.co.jp,Female
Birdie,D'Avaux,bdavauxr@godaddy.com,Female
Onfroi,Million,omillions@cnn.com,Male
Arvie,Ricciardo,aricciardot@craigslist.org,Genderfluid
Angelia,Whitland,awhitlandu@wiley.com,Female
Tomas,Dalling,tdallingv@earthlink.net,Male
Rita,Wisby,rwisbyw@simplemachines.org,Female
Shannan,Becraft,sbecraftx@facebook.com,Male
Judi,Ainsworth,jainsworthy@ca.gov,Female
Noreen,Keyho,nkeyhoz@is.gd,Female
Rene,de Clercq,rdeclercq10@icq.com,Female
Dewey,Jinkinson,djinkinson11@imgur.com,Male
Kale,Verrell,kverrell12@163.com,Male
Valeria,Levay,vlevay13@cmu.edu,Female
Mariana,Rennels,mrennels14@blogspot.com,Female
Rochette,Luthwood,rluthwood15@independent.co.uk,Female
Giffie,Harwick,gharwick16@google.ca,Male
Archibold,Roycroft,aroycroft17@ning.com,Male
Doralin,McAnellye,dmcanellye18@surveymonkey.com,Female
Donnie,Pelham,dpelham19@loc.gov,Agender
Wolfgang,Pratt,wpratt1a@virginia.edu,Male
Norman,Mannagh,nmannagh1b@woothemes.com,Male
Gerhardine,Wadworth,gwadworth1c@yellowpages.com,Female
Martie,O'Lagene,molagene1d@sitemeter.com,Male
Agnese,Danilenko,adanilenko1e@mozilla.com,Female
Auria,Zamora,azamora1f@list-manage.com,Genderqueer
Laurette,Nekrews,lnekrews1g@nyu.edu,Female
Dorella,Lownes,dlownes1h@nba.com,Female
Elfie,Vogel,evogel1i@amazon.de,Female
Randy,Speak,rspeak1j@microsoft.com,Genderfluid
Eudora,Toretta,etoretta1k@dyndns.org,Genderfluid
Valenka,Temperley,vtemperley1l@usgs.gov,Female
Rea,Huckin,rhuckin1m@altervista.org,Genderqueer
Ninetta,Ogelbe,nogelbe1n@bbb.org,Female
Bertie,Flucker,bflucker1o@sbwire.com,Male
Concettina,Larrad,clarrad1p@fc2.com,Female
Karissa,Thredder,kthredder1q@goodreads.com,Female
Lucian,Adhams,ladhams1r@statcounter.com,Male
Conrade,Grimditch,cgrimditch1s@wired.com,Male
Ardys,Buxy,abuxy1t@typepad.com,Female
Si,Tolumello,stolumello1u@imdb.com,Male
Ara,Suddaby,asuddaby1v@imdb.com,Male
Sophie,Macken,smacken1w@xing.com,Female
Emanuel,Championnet,echampionnet1x@constantcontact.com,Male
Nikolia,Arnholtz,narnholtz1y@dell.com,Female
Dodi,Leaney,dleaney1z@vkontakte.ru,Female
Lenard,Alenov,lalenov20@godaddy.com,Bigender
Roch,Lymbourne,rlymbourne21@stanford.edu,Female
Gilburt,Dunford,gdunford22@umn.edu,Male
Jordon,Pritchard,jpritchard23@dedecms.com,Male
Nicolais,Myner,nmyner24@live.com,Male
Izak,Lamble,ilamble25@google.ca,Male
Lacie,MacNeilage,lmacneilage26@salon.com,Female
Eddie,Firbank,efirbank27@tinypic.com,Bigender
Oralia,Hartil,ohartil28@blogtalkradio.com,Female
Wendel,Giacomelli,wgiacomelli29@blinklist.com,Male
Wake,Wivell,wwivell2a@bloglines.com,Male
Rupert,Maxwaile,rmaxwaile2b@stanford.edu,Male
Yves,Kezar,ykezar2c@opensource.org,Male
Merna,Staig,mstaig2d@uiuc.edu,Female
Prentiss,Janaszewski,pjanaszewski2e@mysql.com,Male
Land,Mallion,lmallion2f@redcross.org,Male
Rikki,Albin,ralbin2g@wordpress.com,Genderfluid
Billie,Bennough,bbennough2h@tmall.com,Bigender
Rawley,Blazejewski,rblazejewski2i@vimeo.com,Male
Penelope,Trower,ptrower2j@instagram.com,Female
Shirley,Hubber,shubber2k@merriam-webster.com,Female
Gleda,Maith,gmaith2l@cpanel.net,Female
Erskine,Regus,eregus2m@ning.com,Male
Celia,Hodgin,chodgin2n@weebly.com,Female
Jesse,Bruffell,jbruffell2o@java.com,Male
Marylynne,Benbrick,mbenbrick2p@chron.com,Female
Otis,Formie,oformie2q@pen.io,Male
Dennet,Beetlestone,dbeetlestone2r@webeden.co.uk,Male
Barbara-anne,Shellcross,bshellcross2s@yolasite.com,Female
Walliw,Egell,wegell2t@java.com,Female
Hilary,Crosland,hcrosland2u@alibaba.com,Female
Jandy,Selby,jselby2v@webs.com,Female
Callie,Wingham,cwingham2w@ehow.com,Female
Addy,Izak,aizak2x@clickbank.net,Female
Rudolph,McEntee,rmcentee2y@multiply.com,Male
Quintus,Donson,qdonson2z@auda.org.au,Male
Krista,Tarplee,ktarplee30@blogger.com,Female
Antonius,Mowen,amowen31@zimbio.com,Male
Steve,Andriveau,sandriveau32@salon.com,Male
Hurley,Jent,hjent33@google.co.uk,Male
Rora,Fortie,rfortie34@cisco.com,Female
Kellsie,Challenger,kchallenger35@patch.com,Female
Pail,Hailston,phailston36@bbb.org,Male
Karry,Poppleston,kpoppleston37@oracle.com,Female
Goran,Gorman,ggorman38@hc360.com,Male
Amby,Figliovanni,afigliovanni39@ow.ly,Male
Frederica,Lyosik,flyosik3a@mysql.com,Female
Martina,Causnett,mcausnett3b@sakura.ne.jp,Female
Tracie,McLardie,tmclardie3c@topsy.com,Male
Allyson,Abelwhite,aabelwhite3d@4shared.com,Non-binary
Giorgia,Kynge,gkynge3e@cnbc.com,Female
Edyth,Heinsius,eheinsius3f@sfgate.com,Female
Trudy,Drayn,tdrayn3g@t.co,Female
Lynnet,Aldwinckle,laldwinckle3h@meetup.com,Female
Margalit,Aloshkin,maloshkin3i@narod.ru,Female
Ozzy,Pancoast,opancoast3j@samsung.com,Male
Jody,Dahlback,jdahlback3k@google.com.hk,Female
Errol,Egdal,eegdal3l@mozilla.com,Male
Reinwald,Killelay,rkillelay3m@thetimes.co.uk,Agender
Egor,Bernasek,ebernasek3n@over-blog.com,Bigender
Meridel,Kinchington,mkinchington3o@deviantart.com,Polygender
Dionis,Matthesius,dmatthesius3p@yale.edu,Female
Kris,Cowdry,kcowdry3q@walmart.com,Female
Anson,Chesser,achesser3r@alexa.com,Male
Dannel,Ticehurst,dticehurst3s@cocolog-nifty.com,Male
Mill,Sentinella,msentinella3t@un.org,Male
Annette,Salliere,asalliere3u@google.co.jp,Female
Clarabelle,Darragh,cdarragh3v@yale.edu,Polygender
Heath,De Blasiis,hdeblasiis3w@netscape.com,Male
Cory,Huzzay,chuzzay3x@godaddy.com,Male
Jorrie,Vye,jvye3y@newyorker.com,Female
Cristiano,Petrina,cpetrina3z@wisc.edu,Male
Mathe,MacNamara,mmacnamara40@marriott.com,Genderfluid
Neely,Elcoux,nelcoux41@vimeo.com,Female
Temp,Yallowley,tyallowley42@myspace.com,Male
Stirling,Proud,sproud43@miitbeian.gov.cn,Male
Timothy,Kroch,tkroch44@ocn.ne.jp,Male
Brande,Aveling,baveling45@sohu.com,Female
Calla,Penburton,cpenburton46@ehow.com,Female
Brok,Huckstepp,bhuckstepp47@w3.org,Bigender
Phillipe,Jandac,pjandac48@uol.com.br,Male
Dedra,Koomar,dkoomar49@mapy.cz,Female
Petronia,Stollenbecker,pstollenbecker4a@aboutads.info,Female
Ashla,Criple,acriple4b@usgs.gov,Female
Alvira,Pre,apre4c@intel.com,Female
Curran,Jorio,cjorio4d@cnbc.com,Male
Pierson,St. Pierre,pstpierre4e@dmoz.org,Male
Dee dee,Ferreiro,dferreiro4f@deliciousdays.com,Female
Worden,Rentoll,wrentoll4g@1688.com,Male
Quentin,Archley,qarchley4h@timesonline.co.uk,Female
Krispin,Tabram,ktabram4i@sphinn.com,Male
Deina,Harrald,dharrald4j@shutterfly.com,Female
Inglis,Thacker,ithacker4k@mozilla.org,Male
Adlai,Shakesby,ashakesby4l@sogou.com,Male
Beatrix,Fardell,bfardell4m@washington.edu,Female
Gifford,Dulany,gdulany4n@drupal.org,Male
Raquela,Butson,rbutson4o@google.com.au,Genderfluid
Anica,Demongeot,ademongeot4p@go.com,Female
Ash,Sturgeon,asturgeon4q@cocolog-nifty.com,Male
Benni,Sansbury,bsansbury4r@sina.com.cn,Female
Ibby,Twinberrow,itwinberrow4s@sbwire.com,Female
Fernande,Corr,fcorr4t@marriott.com,Female
Ewen,McFie,emcfie4u@shinystat.com,Male
Jan,Corbitt,jcorbitt4v@drupal.org,Female
Isahella,Coward,icoward4w@goo.gl,Female
Moselle,Thurske,mthurske4x@who.int,Female
Ibbie,Conman,iconman4y@unicef.org,Female
Perla,Byars,pbyars4z@free.fr,Female
Lilah,Micka,lmicka50@usnews.com,Genderqueer
Leland,Pagitt,lpagitt51@accuweather.com,Female
Ansell,Tander,atander52@bbc.co.uk,Male
Karin,Effemy,keffemy53@phpbb.com,Female
Afton,Vinck,avinck54@bloglines.com,Female
Verne,Exon,vexon55@sbwire.com,Male
Aloin,Bissatt,abissatt56@china.com.cn,Male
Cecilio,Lorek,clorek57@sciencedirect.com,Male
Bartholomeo,Grimwood,bgrimwood58@comsenz.com,Male
Peg,Proswell,pproswell59@patch.com,Female
Chas,Skechley,cskechley5a@arizona.edu,Male
Corbie,Lanston,clanston5b@com.com,Male
Angy,Balmadier,abalmadier5c@businessweek.com,Genderqueer
Martino,Jarrel,mjarrel5d@tripod.com,Male
Constance,Howbrook,chowbrook5e@bigcartel.com,Female
Ruthann,Kimberley,rkimberley5f@fema.gov,Female
Judas,Klus,jklus5g@chicagotribune.com,Polygender
Richie,Furley,rfurley5h@zimbio.com,Male
Jemmie,Spitaro,jspitaro5i@indiegogo.com,Female
Didi,Swannack,dswannack5j@360.cn,Female
Ulrica,Habens,uhabens5k@trellian.com,Female
Edith,Lowell,elowell5l@samsung.com,Female
Elsie,Badini,ebadini5m@ibm.com,Female
Cam,Schult,cschult5n@timesonline.co.uk,Male
Willem,Leal,wleal5o@live.com,Male
Ermengarde,Brabbs,ebrabbs5p@networkadvertising.org,Female
Francisca,Sproson,fsproson5q@newyorker.com,Female
Turner,Ameer-Beg,tameerbeg5r@addthis.com,Male
Griffin,Griss,ggriss5s@twitter.com,Male
Domini,Andreoletti,dandreoletti5t@umn.edu,Genderfluid
Ange,Ostler,aostler5u@tuttocitta.it,Male
Nichole,Bridell,nbridell5v@sogou.com,Polygender
Vaclav,Gaffon,vgaffon5w@gmpg.org,Male
Dalt,Kinzel,dkinzel5x@yolasite.com,Male
Vincenz,Garton,vgarton5y@aol.com,Male
Port,Pounder,ppounder5z@facebook.com,Male
Elsinore,Avramovitz,eavramovitz60@dagondesign.com,Female
Uriel,Southcombe,usouthcombe61@cbslocal.com,Male
Murry,Wawer,mwawer62@ucsd.edu,Male
Theo,Proby,tproby63@accuweather.com,Male
Dolf,Langlands,dlanglands64@state.tx.us,Male
Ramsey,Rispen,rrispen65@amazon.co.jp,Male
Lion,Butterwick,lbutterwick66@abc.net.au,Male
Dannel,Freed,dfreed67@devhub.com,Male
Kippar,Chisolm,kchisolm68@liveinternet.ru,Male
Junette,Easom,jeasom69@upenn.edu,Female
Ianthe,Mc Gorley,imcgorley6a@biglobe.ne.jp,Female
Corine,Hayers,chayers6b@youtube.com,Female
Byron,Jancey,bjancey6c@edublogs.org,Male
Milena,Ghidoni,mghidoni6d@prlog.org,Female
Milli,Coning,mconing6e@etsy.com,Polygender
Petronia,Axcell,paxcell6f@twitter.com,Female
Nessa,Withey,nwithey6g@yahoo.co.jp,Female
Anthe,Avey,aavey6h@ed.gov,Female
Miof mela,Acaster,macaster6i@edublogs.org,Female
Jessica,Daskiewicz,jdaskiewicz6j@squarespace.com,Female
Bethena,Phillot,bphillot6k@shutterfly.com,Female
Sharity,D'Hooghe,sdhooghe6l@guardian.co.uk,Female
Cordi,Arrow,carrow6m@hao123.com,Female
Padriac,Eberz,peberz6n@intel.com,Male
Prent,Chorlton,pchorlton6o@blogspot.com,Male
Kamila,Oslar,koslar6p@feedburner.com,Female
Val,Belf,vbelf6q@usa.gov,Male
Raymund,Bonhomme,rbonhomme6r@meetup.com,Male
Chip,Bale,cbale6s@mediafire.com,Male
Elsworth,O'Rodane,eorodane6t@about.me,Male
Clim,Jeffers,cjeffers6u@dot.gov,Male
Doreen,Beldam,dbeldam6v@deviantart.com,Female
Dari,Decayette,ddecayette6w@fotki.com,Female
Claudianus,Kobiela,ckobiela6x@webeden.co.uk,Male
Rosco,Hellens,rhellens6y@cisco.com,Male
Shaylynn,Molloy,smolloy6z@scribd.com,Female
Winnifred,Ivashchenko,wivashchenko70@economist.com,Female
Anabelle,Bonny,abonny71@g.co,Genderqueer
Jonie,Craw,jcraw72@livejournal.com,Female
Tim,Cardoe,tcardoe73@behance.net,Female
Mateo,Chicco,mchicco74@smugmug.com,Male
Ysabel,Tunnicliff,ytunnicliff75@wiley.com,Female
Demetre,Cherrison,dcherrison76@furl.net,Male
Jerrie,Crumb,jcrumb77@freewebs.com,Female
Susana,Lecky,slecky78@mysql.com,Non-binary
Any,Laxton,alaxton79@zdnet.com,Male
Clarie,Hutchings,chutchings7a@hao123.com,Female
Yuma,Froome,yfroome7b@tuttocitta.it,Male
Adele,Waddam,awaddam7c@cbsnews.com,Female
Gerianna,Burnep,gburnep7d@princeton.edu,Female
Humfrey,Cray,hcray7e@amazon.co.uk,Male
Moishe,Vice,mvice7f@ca.gov,Male
Kim,Shervington,kshervington7g@flickr.com,Genderqueer
Waylin,Bathersby,wbathersby7h@sun.com,Male
Callie,Rallin,crallin7i@narod.ru,Female
Fiona,Valentinetti,fvalentinetti7j@sphinn.com,Non-binary
Burk,Ernke,bernke7k@chron.com,Male
Ahmad,Marfield,amarfield7l@yale.edu,Male
Tallia,O'Connor,toconnor7m@apache.org,Female
Byrle,Chieco,bchieco7n@nsw.gov.au,Male
Conrade,Tree,ctree7o@slashdot.org,Male
Berri,Coit,bcoit7p@youku.com,Female
Tymothy,Eltone,teltone7q@yolasite.com,Male
Rafa,Klimpke,rklimpke7r@tumblr.com,Female
Jamaal,Gallo,jgallo7s@ask.com,Genderqueer
Verile,Woffenden,vwoffenden7t@instagram.com,Female
Melina,Eastridge,meastridge7u@mail.ru,Female
Dodi,Bottrell,dbottrell7v@kickstarter.com,Female
Adria,Proudley,aproudley7w@infoseek.co.jp,Female
Mike,Poizer,mpoizer7x@nhs.uk,Male
Athena,Botten,abotten7y@cmu.edu,Female
Donia,Readwood,dreadwood7z@nasa.gov,Female
Jeremie,Skeggs,jskeggs80@feedburner.com,Male
Ignacio,Gonnelly,igonnelly81@prweb.com,Male
Margarette,Episcopio,mepiscopio82@phpbb.com,Female
Raymond,Millin,rmillin83@nsw.gov.au,Male
Zola,Ainley,zainley84@nature.com,Female
Roseanna,McPhail,rmcphail85@earthlink.net,Female
Cody,Musker,cmusker86@ameblo.jp,Female
Aloin,Helsdon,ahelsdon87@google.com,Male
Julee,Aiston,jaiston88@yelp.com,Female
Tamma,Randerson,tranderson89@dedecms.com,Female
Fergus,Brigstock,fbrigstock8a@timesonline.co.uk,Male
Carissa,Tambling,ctambling8b@wufoo.com,Female
Jessalyn,Fidian,jfidian8c@oakley.com,Female
Margaretta,Nourse,mnourse8d@ucoz.com,Female
Cristin,McGarrell,cmcgarrell8e@twitpic.com,Female
Gerard,Lodder,glodder8f@mail.ru,Male
Yorgo,Bricham,ybricham8g@devhub.com,Male
Korey,Dorwood,kdorwood8h@go.com,Male
Erinn,Hilbourne,ehilbourne8i@bandcamp.com,Female
Donall,Gillaspy,dgillaspy8j@sourceforge.net,Male
Stephani,Buttrey,sbuttrey8k@jigsy.com,Female
Elston,Vanyukhin,evanyukhin8l@jimdo.com,Male
Dniren,Brumham,dbrumham8m@google.com,Female
Brunhilde,Ast,bast8n@howstuffworks.com,Female
Ciro,Febvre,cfebvre8o@cpanel.net,Male
Sonny,St Louis,sstlouis8p@usnews.com,Agender
Karmen,Iacomi,kiacomi8q@abc.net.au,Agender
Warde,Addinall,waddinall8r@japanpost.jp,Male
Berna,Chansonnau,bchansonnau8s@yahoo.com,Female
Kerry,Deane,kdeane8t@reference.com,Agender
Lyndy,Gronous,lgronous8u@howstuffworks.com,Female
Grantley,Kobieriecki,gkobieriecki8v@mysql.com,Male
Laina,Pennyman,lpennyman8w@digg.com,Female
Andee,Firsby,afirsby8x@sfgate.com,Female
Lock,Claricoats,lclaricoats8y@wired.com,Male
Ellette,Matantsev,ematantsev8z@drupal.org,Bigender
Verney,Nealey,vnealey90@umich.edu,Male
Loella,Newitt,lnewitt91@examiner.com,Female
Hunfredo,Ferres,hferres92@php.net,Male
Jarred,Rosewarne,jrosewarne93@buzzfeed.com,Male
Thibaud,Girdler,tgirdler94@stumbleupon.com,Male
Anderea,Gulberg,agulberg95@nba.com,Female
Jorie,Jent,jjent96@csmonitor.com,Female
Laney,Draisey,ldraisey97@xrea.com,Male
Jacinta,Fitchen,jfitchen98@wikispaces.com,Female
Gabi,Spratt,gspratt99@addthis.com,Female
Esther,Sidon,esidon9a@prweb.com,Female
Nat,Gilling,ngilling9b@ycombinator.com,Male
Kyrstin,Krahl,kkrahl9c@ed.gov,Female
Babb,Huckleby,bhuckleby9d@live.com,Female
Robbie,Bilsland,rbilsland9e@google.nl,Male
Victor,Roycroft,vroycroft9f@google.nl,Male
Caro,Slyne,cslyne9g@japanpost.jp,Female
Correy,Conry,cconry9h@statcounter.com,Female
Merrel,Veljes,mveljes9i@goo.ne.jp,Male
Aura,Brunelleschi,abrunelleschi9j@statcounter.com,Female
Cordi,Farrear,cfarrear9k@edublogs.org,Female
Moe,Hadfield,mhadfield9l@vinaora.com,Male
Eudora,Coop,ecoop9m@elegantthemes.com,Female
Sheff,Peppard,speppard9n@statcounter.com,Male
Jdavie,Starie,jstarie9o@dion.ne.jp,Male
Walden,Torricina,wtorricina9p@mediafire.com,Male
Sayer,Breheny,sbreheny9q@google.ca,Male
Dunstan,Petrowsky,dpetrowsky9r@cafepress.com,Bigender
Rinaldo,Pothecary,rpothecary9s@salon.com,Male
Angelina,Hardman,ahardman9t@illinois.edu,Female
Peggie,Nelmes,pnelmes9u@yahoo.co.jp,Female
Orv,Ogborne,oogborne9v@devhub.com,Male
Lorry,Hornig,lhornig9w@tmall.com,Female
Abagael,Giffen,agiffen9x@biblegateway.com,Female
Kim,Outerbridge,kouterbridge9y@4shared.com,Female
Justinian,OIlier,joilier9z@joomla.org,Male
Mattheus,McQuirter,mmcquirtera0@statcounter.com,Non-binary
Sashenka,Nolli,snollia1@elpais.com,Female
Corbett,Weekly,cweeklya2@gizmodo.com,Male
Jacky,Powton,jpowtona3@dedecms.com,Female
Kai,Esh,kesha4@parallels.com,Female
Mariam,Townend,mtownenda5@omniture.com,Female
Audie,O'Carran,aocarrana6@cdc.gov,Female
Dagmar,Cescon,dcescona7@irs.gov,Female
Nollie,Shepherdson,nshepherdsona8@tamu.edu,Female
Lucian,Demeza,ldemezaa9@spotify.com,Genderqueer
Caria,Sandcroft,csandcroftaa@indiegogo.com,Female
Kennie,Clissell,kclissellab@slideshare.net,Male
Rutledge,Mousdall,rmousdallac@woothemes.com,Male
Chicky,Kitchin,ckitchinad@usa.gov,Male
Ambrose,Macquire,amacquireae@java.com,Male
Burk,Kindle,bkindleaf@163.com,Male
Graham,McIlhone,gmcilhoneag@mail.ru,Male
Wynn,Lacelett,wlacelettah@friendfeed.com,Male
Mei,Wallsam,mwallsamai@ft.com,Female
Reagan,Dicke,rdickeaj@addthis.com,Male
Abbot,Ballaam,aballaamak@pinterest.com,Male
Lorinda,Boumphrey,lboumphreyal@altervista.org,Female
Starlin,Bartolini,sbartoliniam@macromedia.com,Female
Sheree,Lipscomb,slipscomban@yale.edu,Female
Nehemiah,Corner,ncornerao@spotify.com,Genderfluid
Brandais,Vynall,bvynallap@deliciousdays.com,Genderqueer
Pooh,England,penglandaq@reverbnation.com,Male
Brendis,Cheers,bcheersar@edublogs.org,Male
Ranique,Flohard,rflohardas@tmall.com,Female
West,Larvor,wlarvorat@google.nl,Male
Tristan,Filkin,tfilkinau@unblog.fr,Male
Orsa,Worwood,oworwoodav@dailymotion.com,Female
Eilis,Pritty,eprittyaw@businessinsider.com,Agender
Demott,Lethby,dlethbyax@wufoo.com,Genderqueer
Zebadiah,Philpin,zphilpinay@slashdot.org,Male
Gallagher,Chesher,gchesheraz@geocities.jp,Male
Terrye,Diddams,tdiddamsb0@ow.ly,Female
Mic,O'Spillane,mospillaneb1@smugmug.com,Male
Hillary,Baylis,hbaylisb2@scientificamerican.com,Male
Jackelyn,Peddowe,jpeddoweb3@angelfire.com,Female
Burk,Clacson,bclacsonb4@infoseek.co.jp,Male
Sutton,Oloshin,soloshinb5@independent.co.uk,Male
Marion,Jakobsson,mjakobssonb6@smh.com.au,Male
Thibaud,Lilloe,tlilloeb7@princeton.edu,Male
Carrol,Leftridge,cleftridgeb8@vimeo.com,Male
Christin,Bartolini,cbartolinib9@gravatar.com,Female
Bessie,Starbeck,bstarbeckba@symantec.com,Female
Farr,Alyonov,falyonovbb@yelp.com,Male
Evelin,Spinas,espinasbc@ow.ly,Male
Denis,Serridge,dserridgebd@ycombinator.com,Genderfluid
Damiano,Shevels,dshevelsbe@amazonaws.com,Male
Waverley,Greatex,wgreatexbf@washington.edu,Male
Barnaby,Jefferies,bjefferiesbg@comsenz.com,Male
Marisa,O'Dulchonta,modulchontabh@wikipedia.org,Female
Glyn,Dyke,gdykebi@google.nl,Male
Harley,Pentony,hpentonybj@github.io,Female
Sonya,Pearse,spearsebk@ft.com,Female
Winn,Bazylets,wbazyletsbl@hud.gov,Male
Emerson,Almey,ealmeybm@alibaba.com,Male
Abbye,Pardal,apardalbn@sciencedirect.com,Female
Sascha,Biasioni,sbiasionibo@nbcnews.com,Female
Haven,Bloxland,hbloxlandbp@hp.com,Bigender
Noah,Dunston,ndunstonbq@privacy.gov.au,Male
Vassily,Heaney`,vheaneybr@techcrunch.com,Male
Erick,Ogger,eoggerbs@lulu.com,Male
Jessalyn,Lissimore,jlissimorebt@skyrock.com,Female
Haze,Whitney,hwhitneybu@google.fr,Male
Elisha,Ewbank,eewbankbv@cyberchimps.com,Female
Edin,Dmitrievski,edmitrievskibw@nytimes.com,Female
Thain,Gusney,tgusneybx@blogspot.com,Male
Jsandye,Bengoechea,jbengoecheaby@opera.com,Female
Ladonna,D'Acth,ldacthbz@ebay.com,Female
Concordia,Demeter,cdemeterc0@java.com,Female
Devin,Barnaby,dbarnabyc1@vinaora.com,Female
Cher,Lesmonde,clesmondec2@tinyurl.com,Female
Dusty,Minney,dminneyc3@sbwire.com,Female
Erich,Gullane,egullanec4@prlog.org,Male
Fabian,Ghirardi,fghirardic5@sphinn.com,Male
Doyle,Grayston,dgraystonc6@photobucket.com,Male
Farand,Maclaine,fmaclainec7@icio.us,Female
Lewiss,Delve,ldelvec8@cbsnews.com,Male
Irving,Sollom,isollomc9@networksolutions.com,Male
Tamqrah,Alred,talredca@mlb.com,Female
Akim,Clues,acluescb@t-online.de,Male
Erena,Lockhead,elockheadcc@cbsnews.com,Female
Lorelei,Roja,lrojacd@blinklist.com,Female
Axel,Bogaert,abogaertce@example.com,Male
Bobinette,Mulheron,bmulheroncf@fda.gov,Bigender
Baily,Farries,bfarriescg@yellowpages.com,Male
Davita,Breawood,dbreawoodch@japanpost.jp,Female
Marris,Guilleton,mguilletonci@qq.com,Female
Valentin,Trollope,vtrollopecj@rediff.com,Bigender
Windy,Hodgin,whodginck@scribd.com,Female
Garrett,Learmonth,glearmonthcl@auda.org.au,Male
Leonard,Hardiman,lhardimancm@cbsnews.com,Male
Mabelle,Lamey,mlameycn@a8.net,Polygender
Abramo,Crust,acrustco@163.com,Male
Fletch,Roly,frolycp@cornell.edu,Male
Delilah,De Beauchamp,ddebeauchampcq@lycos.com,Female
Teresita,Gurry,tgurrycr@wufoo.com,Female
Opaline,Filppetti,ofilppettics@unc.edu,Female
Carroll,Arter,carterct@imageshack.us,Female
Oralle,Merrilees,omerrileescu@theatlantic.com,Female
Emlynn,Hagan,ehagancv@pen.io,Female
Sherwin,Olman,solmancw@whitehouse.gov,Agender
Sidoney,Roobottom,sroobottomcx@omniture.com,Female
Liam,Gauge,lgaugecy@liveinternet.ru,Male
Pepito,Van der Linde,pvanderlindecz@google.ru,Male
King,Cobden,kcobdend0@tuttocitta.it,Male
Gizela,Lount,glountd1@51.la,Female
Estrella,Swalowe,eswalowed2@auda.org.au,Female
Jarret,Flageul,jflageuld3@so-net.ne.jp,Male
Roze,Yeude,ryeuded4@admin.ch,Female
Neil,Devlin,ndevlind5@elegantthemes.com,Male
Maurie,Knock,mknockd6@cbslocal.com,Male
Emmi,Kaplin,ekaplind7@hatena.ne.jp,Female
Darice,Brito,dbritod8@usatoday.com,Female
Mirilla,Surphliss,msurphlissd9@shinystat.com,Female
Donalt,Ossulton,dossultonda@patch.com,Male
Konstantin,Alvin,kalvindb@vinaora.com,Male
Mandy,Aylin,maylindc@dailymail.co.uk,Female
Cyndie,Barltrop,cbarltropdd@fc2.com,Female
Link,Pymm,lpymmde@eepurl.com,Male
Biddie,Peatheyjohns,bpeatheyjohnsdf@cbsnews.com,Female
Aubert,Balshaw,abalshawdg@pagesperso-orange.fr,Male
Tracey,Lantiff,tlantiffdh@nhs.uk,Male
Bess,Bridgman,bbridgmandi@usnews.com,Female
Kirstin,Rodgier,krodgierdj@ebay.co.uk,Female
Dianemarie,Rudgard,drudgarddk@google.co.uk,Female
Annalise,Snead,asneaddl@sbwire.com,Female
Sheela,MacGillavery,smacgillaverydm@nhs.uk,Female
Mair,Dogg,mdoggdn@whitehouse.gov,Female
Sondra,Davydoch,sdavydochdo@quantcast.com,Female
Thaxter,Portlock,tportlockdp@jimdo.com,Male
Maureen,Staneland,mstanelanddq@google.nl,Female
Manya,Thackray,mthackraydr@japanpost.jp,Female
Kenyon,Lambole,klamboleds@creativecommons.org,Male
Kassia,Medwell,kmedwelldt@nifty.com,Female
Herc,Puckham,hpuckhamdu@de.vu,Male
Petra,Shafto,pshaftodv@howstuffworks.com,Female
Cassandra,Rawles,crawlesdw@t-online.de,Female
Dorey,Gayforth,dgayforthdx@oakley.com,Male
Kirk,Balch,kbalchdy@amazonaws.com,Male
Richardo,Stock,rstockdz@google.com,Male
Brnaby,Bearfoot,bbearfoote0@macromedia.com,Male
Devi,Drews,ddrewse1@wired.com,Female
Purcell,Chicchelli,pchicchellie2@webeden.co.uk,Male
Gris,Boustred,gboustrede3@soundcloud.com,Male
Therese,Kensett,tkensette4@house.gov,Female
Thorny,Knowling,tknowlinge5@sbwire.com,Male
Ashlin,Couser,acousere6@cam.ac.uk,Male
Geoffrey,Lugg,glugge7@163.com,Male
Hogan,Erett,herette8@tinypic.com,Male
Mikaela,Mechell,mmechelle9@cnn.com,Female
Victor,Stockill,vstockillea@cdc.gov,Male
Elnore,Shelliday,eshellidayeb@auda.org.au,Female
Ludvig,Chetwind,lchetwindec@shutterfly.com,Male
Hayes,Coddrington,hcoddringtoned@sakura.ne.jp,Male
Shani,Corbyn,scorbynee@xinhuanet.com,Female
Alisha,Authers,aauthersef@joomla.org,Female
Brandea,Castro,bcastroeg@columbia.edu,Female
Clayborne,Croose,ccrooseeh@elpais.com,Male
Nancee,Brannon,nbrannonei@google.com.au,Agender
Agustin,Albon,aalbonej@hugedomains.com,Bigender
Elizabet,Hunnaball,ehunnaballek@1688.com,Female
Chantal,Skottle,cskottleel@webnode.com,Female
Colleen,Cotta,ccottaem@umn.edu,Female
Vasily,Jojic,vjojicen@ucsd.edu,Male
Zita,Scase,zscaseeo@hostgator.com,Female
Roberta,Pawlick,rpawlickep@parallels.com,Female
Sanderson,Sisland,ssislandeq@ehow.com,Male
Letisha,Wakerley,lwakerleyer@sohu.com,Female
Chariot,Rodnight,crodnightes@ibm.com,Male
Angel,Dell Casa,adellcasaet@huffingtonpost.com,Female
Modesty,O'Collopy,mocollopyeu@de.vu,Agender
Jourdain,Fratczak,jfratczakev@flavors.me,Male
Junia,Lawes,jlawesew@comsenz.com,Female
Marje,Lavers,mlaversex@dyndns.org,Female
Sheffy,Walklett,swalklettey@ed.gov,Male
Osmond,Syrett,osyrettez@yale.edu,Male
Tamma,Grigaut,tgrigautf0@jugem.jp,Female
Renaldo,Grew,rgrewf1@state.tx.us,Bigender
Elbert,Sandifer,esandiferf2@amazon.de,Male
Antoine,Josephsen,ajosephsenf3@symantec.com,Male
Natalie,Marke,nmarkef4@people.com.cn,Female
Cordie,Quoit,cquoitf5@people.com.cn,Male
Ruthi,Trusdale,rtrusdalef6@ca.gov,Female
Millie,Entwisle,mentwislef7@usda.gov,Female
Izaak,Dacca,idaccaf8@google.nl,Male
Stevy,Rosa,srosaf9@va.gov,Male
Domini,Gounel,dgounelfa@buzzfeed.com,Female
Germayne,Boyle,gboylefb@sbwire.com,Male
Artur,Brigman,abrigmanfc@moonfruit.com,Male
Odelia,Semerad,osemeradfd@vistaprint.com,Female
Dallas,Wehnerr,dwehnerrfe@mozilla.org,Male
Carley,Tremontana,ctremontanaff@1688.com,Female
Mendel,Genty,mgentyfg@bigcartel.com,Male
Piggy,Severs,pseversfh@prnewswire.com,Male
Dennison,Biggam,dbiggamfi@msu.edu,Male
Kinny,Iacavone,kiacavonefj@auda.org.au,Male
Cosetta,Chatten,cchattenfk@alexa.com,Female
Leslie,Backs,lbacksfl@reverbnation.com,Male
Rosaleen,Cicchillo,rcicchillofm@shinystat.com,Female
Lula,Danilchik,ldanilchikfn@constantcontact.com,Female
Ferris,Risom,frisomfo@cnbc.com,Male
Jazmin,Falla,jfallafp@pen.io,Female
Letizia,Passby,lpassbyfq@hhs.gov,Female
Charis,Senner,csennerfr@barnesandnoble.com,Female
Arvin,Goldson,agoldsonfs@sogou.com,Male
Penrod,Pinsent,ppinsentft@bing.com,Male
Harwell,Patridge,hpatridgefu@reference.com,Male
Olwen,Brizell,obrizellfv@fc2.com,Female
Donica,Bartrap,dbartrapfw@nba.com,Female
Valera,Goodbar,vgoodbarfx@china.com.cn,Female
Samuel,Felgat,sfelgatfy@google.com.hk,Male
Mason,Plomer,mplomerfz@flickr.com,Male
Gun,Chittock,gchittockg0@squarespace.com,Male
Joaquin,de Guise,jdeguiseg1@kickstarter.com,Male
Sibyl,Janowski,sjanowskig2@indiegogo.com,Female
Adrienne,Kibby,akibbyg3@istockphoto.com,Female
Sampson,Raoux,sraouxg4@csmonitor.com,Male
Magdaia,Baake,mbaakeg5@statcounter.com,Female
Connor,Fairbrass,cfairbrassg6@epa.gov,Male
Sanders,Butler,sbutlerg7@cargocollective.com,Male
Giselle,Dunsmore,gdunsmoreg8@goo.ne.jp,Female
Kit,Lias,kliasg9@dedecms.com,Male
Marchelle,Rossbrook,mrossbrookga@flickr.com,Female
Candis,Stear,csteargb@biblegateway.com,Female
Ashli,Gylle,agyllegc@xrea.com,Non-binary
Anitra,Kornel,akornelgd@cafepress.com,Female
Frankie,Matyatin,fmatyatinge@drupal.org,Male
Christi,Sarge,csargegf@geocities.jp,Female
Pauly,Goodricke,pgoodrickegg@delicious.com,Female
Rocky,Perrie,rperriegh@geocities.jp,Male
Germana,Kehoe,gkehoegi@constantcontact.com,Genderqueer
Michel,Ziemecki,mziemeckigj@buzzfeed.com,Female
Gracia,Attwoull,gattwoullgk@flickr.com,Female
Kendell,Landers,klandersgl@upenn.edu,Male
Paige,McKeighan,pmckeighangm@timesonline.co.uk,Male
Sutherlan,Gile,sgilegn@fda.gov,Male
Franciskus,Rollett,frollettgo@china.com.cn,Male
Rutter,June,rjunegp@dot.gov,Male
Easter,Amiable,eamiablegq@shareasale.com,Female
Stanly,MacNab,smacnabgr@pbs.org,Male
Tulley,Redmire,tredmiregs@google.es,Male
Sadella,Kivlehan,skivlehangt@eventbrite.com,Female
Gardener,Thresher,gthreshergu@phoca.cz,Male
Haleigh,Barti,hbartigv@yandex.ru,Male
Elbertine,Cotterrill,ecotterrillgw@ihg.com,Non-binary
Marilee,Caplin,mcaplingx@xing.com,Female
Oswald,Dorkin,odorkingy@tinypic.com,Male
Gilberte,Gutowska,ggutowskagz@jalbum.net,Female
Eveline,Goter,egoterh0@forbes.com,Female
Colette,Desmond,cdesmondh1@joomla.org,Female
Clair,Lithgow,clithgowh2@reddit.com,Female
Bowie,Lanchester,blanchesterh3@sina.com.cn,Male
Corri,Ranscombe,cranscombeh4@prlog.org,Female
Ranee,Conn,rconnh5@sun.com,Female
Bessie,Petersen,bpetersenh6@nifty.com,Female
Papagena,Shallow,pshallowh7@google.fr,Female
Charmine,Kenson,ckensonh8@devhub.com,Female
Melita,Djurkovic,mdjurkovich9@live.com,Agender
Burty,Giblett,bgiblettha@wsj.com,Male
Daile,Capsey,dcapseyhb@cmu.edu,Female
Ainslie,Brayne,abraynehc@blogger.com,Female
Pattie,Nissle,pnisslehd@irs.gov,Female
Felita,Hellyar,fhellyarhe@upenn.edu,Female
Claretta,Ziemens,cziemenshf@npr.org,Female
Ketti,Petrolli,kpetrollihg@businessinsider.com,Female
Sophi,Skegg,sskegghh@nyu.edu,Female
Page,Latan,platanhi@bluehost.com,Male
Milty,McMorran,mmcmorranhj@ehow.com,Male
Robb,Swinerd,rswinerdhk@disqus.com,Male
Roxanna,Frome,rfromehl@cbslocal.com,Female
Nevile,Minker,nminkerhm@ameblo.jp,Male
Genevieve,Orris,gorrishn@t-online.de,Female
Alexis,Jacobsen,ajacobsenho@bizjournals.com,Genderfluid
Silvain,Gynn,sgynnhp@boston.com,Male
Alika,Poag,apoaghq@discuz.net,Female
Johannes,Benedict,jbenedicthr@sbwire.com,Male
Andrej,Liddington,aliddingtonhs@qq.com,Male
Brittni,Filov,bfilovht@behance.net,Polygender
Eleni,Brasted,ebrastedhu@prnewswire.com,Female
Si,Seleway,sselewayhv@over-blog.com,Male
Salomo,Corragan,scorraganhw@senate.gov,Genderfluid
Israel,L' Anglois,ilangloishx@woothemes.com,Male
Bernelle,Pavolillo,bpavolillohy@tripadvisor.com,Female
Vaughan,Burkitt,vburkitthz@facebook.com,Genderqueer
Hobie,Gorwood,hgorwoodi0@intel.com,Male
Sander,Howkins,showkinsi1@nymag.com,Male
Milli,Bolderson,mboldersoni2@gov.uk,Female
Cecil,Panter,cpanteri3@myspace.com,Polygender
Elwin,Georgeson,egeorgesoni4@washingtonpost.com,Male
Beverley,Girvan,bgirvani5@de.vu,Female
Glynis,Gallamore,ggallamorei6@bluehost.com,Female
Casie,Parsall,cparsalli7@hostgator.com,Female
Karoly,Thick,kthicki8@mit.edu,Female
Sofie,Bruna,sbrunai9@xrea.com,Agender
Ilse,Lunnon,ilunnonia@domainmarket.com,Female
Isabelle,Lippitt,ilippittib@example.com,Female
Iago,Steventon,isteventonic@dailymotion.com,Male
Giulia,Syalvester,gsyalvesterid@free.fr,Female
Willy,Benyan,wbenyanie@earthlink.net,Male
Perry,Gaughan,pgaughanif@npr.org,Male
Keir,Breydin,kbreydinig@boston.com,Male
Krystalle,Youster,kyousterih@howstuffworks.com,Female
Chicky,Strivens,cstrivensii@chron.com,Female
Linnell,Huxtable,lhuxtableij@bandcamp.com,Female
Liana,Downham,ldownhamik@youtu.be,Female
Feliks,Pashbee,fpashbeeil@toplist.cz,Male
Ruy,Grane,rgraneim@goodreads.com,Male
Marcelle,Albrook,malbrookin@de.vu,Female
Amalie,Glanister,aglanisterio@dailymail.co.uk,Female
Janeczka,Linacre,jlinacreip@ask.com,Female
Viviene,Darracott,vdarracottiq@xrea.com,Genderqueer
Lian,Dossit,ldossitir@php.net,Female
Nathanial,MacMeekan,nmacmeekanis@tamu.edu,Non-binary
Amber,Geake,ageakeit@paginegialle.it,Female
Ingaberg,Tine,itineiu@boston.com,Female
Hannie,Grane,hgraneiv@google.pl,Female
Pernell,Jordanson,pjordansoniw@businessinsider.com,Male
Merrilee,Krugmann,mkrugmannix@indiegogo.com,Female
Lemuel,Blenkensop,lblenkensopiy@barnesandnoble.com,Bigender
Brittni,Goodie,bgoodieiz@telegraph.co.uk,Female
Drew,Tosspell,dtosspellj0@parallels.com,Male
Ram,Greydon,rgreydonj1@devhub.com,Male
Tulley,Bradburn,tbradburnj2@thetimes.co.uk,Male
Leland,Ancketill,lancketillj3@hatena.ne.jp,Agender
Lona,Cantua,lcantuaj4@cisco.com,Female
Flynn,Archbold,farchboldj5@altervista.org,Male
Earle,Bee,ebeej6@comsenz.com,Male
Oliviero,Eppson,oeppsonj7@amazon.co.uk,Male
Pavel,Matuszynski,pmatuszynskij8@statcounter.com,Male
Erny,Penfold,epenfoldj9@cafepress.com,Male
Cletis,Allden,calldenja@exblog.jp,Male
Connie,Casoni,ccasonijb@dion.ne.jp,Male
Sawyer,Gillyatt,sgillyattjc@columbia.edu,Male
Claribel,Hollow,chollowjd@microsoft.com,Female
Zaccaria,Cressor,zcressorje@hao123.com,Male
Jana,Loade,jloadejf@symantec.com,Female
Vasili,Hukin,vhukinjg@reverbnation.com,Male
Cymbre,Suscens,csuscensjh@reddit.com,Female
Lawrence,Doll,ldollji@ocn.ne.jp,Male
Ferrell,Hartness,fhartnessjj@t-online.de,Male
Ignazio,Brodest,ibrodestjk@arstechnica.com,Male
Alexandre,Dufour,adufourjl@scientificamerican.com,Male
Rivi,Sconce,rsconcejm@opera.com,Female
Floyd,Stickens,fstickensjn@aol.com,Male
Mandy,Dundendale,mdundendalejo@sourceforge.net,Female
Hamid,Bastone,hbastonejp@miitbeian.gov.cn,Male
Moise,Coulthard,mcoulthardjq@accuweather.com,Male
Andrey,Vigurs,avigursjr@w3.org,Male
Tore,Fuentes,tfuentesjs@google.co.uk,Male
Clair,Riste,cristejt@spotify.com,Male
Moore,Lowen,mlowenju@ucla.edu,Male
Agustin,Shewsmith,ashewsmithjv@virginia.edu,Male
Herta,Halewood,hhalewoodjw@acquirethisname.com,Female
Thor,Tansey,ttanseyjx@topsy.com,Male
Demetri,Baumford,dbaumfordjy@ocn.ne.jp,Male
Caddric,Dorcey,cdorceyjz@ning.com,Male
Jaquenetta,Asipenko,jasipenkok0@indiatimes.com,Female
Gates,Raggatt,graggattk1@acquirethisname.com,Female
Thekla,Francklyn,tfrancklynk2@jigsy.com,Female
Nikolai,Moakson,nmoaksonk3@nyu.edu,Male
Stillmann,Bau,sbauk4@newsvine.com,Male
Humberto,Corteis,hcorteisk5@elpais.com,Male
Hilly,Bach,hbachk6@admin.ch,Male
Jerry,Aistrop,jaistropk7@phoca.cz,Female
Christophorus,Layne,claynek8@quantcast.com,Male
Krispin,Sposito,kspositok9@wunderground.com,Male
Holli,O'Carran,hocarranka@paginegialle.it,Female
Emlen,Toy,etoykb@nps.gov,Male
Drucill,Duinkerk,dduinkerkkc@samsung.com,Female
Kevin,Aleshkov,kaleshkovkd@ameblo.jp,Male
Angelle,Rust,arustke@nasa.gov,Female
Letti,Towers,ltowerskf@scientificamerican.com,Female
Annamaria,Wentworth,awentworthkg@soup.io,Female
Edmund,Siman,esimankh@free.fr,Male
Herve,MacCaffery,hmaccafferyki@indiatimes.com,Male
Mable,Gopsall,mgopsallkj@wired.com,Female
Jeremiah,Mordy,jmordykk@nps.gov,Male
Emmett,Birrell,ebirrellkl@blogs.com,Male
Cherice,Devon,cdevonkm@imgur.com,Female
Lisabeth,Gledhill,lgledhillkn@google.it,Female
Riccardo,Haddleston,rhaddlestonko@harvard.edu,Male
Faunie,Gregorace,fgregoracekp@themeforest.net,Female
Jerrie,Mcwhinnie,jmcwhinniekq@deliciousdays.com,Male
Rudolf,Riseborough,rriseboroughkr@people.com.cn,Male
Celinda,Dinsale,cdinsaleks@umich.edu,Female
Tony,Hessenthaler,thessenthalerkt@mit.edu,Male
Shane,Caccavella,scaccavellaku@senate.gov,Male
Ezmeralda,Lahrs,elahrskv@jalbum.net,Female
Noel,Piggot,npiggotkw@people.com.cn,Male
Carita,Heeney,cheeneykx@abc.net.au,Female
Dominic,Imort,dimortky@chron.com,Male
Harriet,Graddon,hgraddonkz@apple.com,Female
Trever,Ashpole,tashpolel0@mediafire.com,Male
Scott,Gosswell,sgosswelll1@github.io,Male
Harcourt,Aberdein,haberdeinl2@who.int,Male
Berkley,Kleinplatz,bkleinplatzl3@bing.com,Male
Enriqueta,Grigorey,egrigoreyl4@1688.com,Female
Sheff,McClurg,smcclurgl5@opera.com,Male
Elmer,Clemenza,eclemenzal6@unblog.fr,Non-binary
Vincenty,McTeggart,vmcteggartl7@technorati.com,Male
Adham,Henrichsen,ahenrichsenl8@constantcontact.com,Male
Engracia,Spadollini,espadollinil9@berkeley.edu,Female
Dore,Vallender,dvallenderla@edublogs.org,Male
Eugenius,Guiton,eguitonlb@virginia.edu,Male
Heloise,Adamowitz,hadamowitzlc@addtoany.com,Female
Jeno,Easdon,jeasdonld@mediafire.com,Non-binary
Skippy,Rawcliffe,srawcliffele@senate.gov,Male
Junie,Prozescky,jprozesckylf@auda.org.au,Female
Enrica,Colman,ecolmanlg@is.gd,Female
Bar,Trinkwon,btrinkwonlh@mapy.cz,Male
Julianne,Duddy,jduddyli@1und1.de,Female
Curtice,Gillease,cgilleaselj@umn.edu,Male
Gertrude,Murray,gmurraylk@harvard.edu,Female
Bevvy,Folomkin,bfolomkinll@dot.gov,Female
Liane,Wall,lwalllm@techcrunch.com,Female
Sol,Yesichev,syesichevln@fotki.com,Male
Flinn,Girke,fgirkelo@mac.com,Male
Mort,Thorald,mthoraldlp@cnet.com,Male
Winslow,Hillhouse,whillhouselq@woothemes.com,Male
Trenton,Conws,tconwslr@microsoft.com,Male
Calida,Chetwind,cchetwindls@intel.com,Female
Ynes,Denyukin,ydenyukinlt@blog.com,Female
Jasmina,Pietrowski,jpietrowskilu@army.mil,Female
Jerad,Pullman,jpullmanlv@technorati.com,Male
Chloette,Tellett,ctellettlw@over-blog.com,Female
Cherice,Orthmann,corthmannlx@dagondesign.com,Genderqueer
Timothy,Pautard,tpautardly@ca.gov,Male
Annetta,Lamberts,alambertslz@1688.com,Female
Adriena,Questier,aquestierm0@odnoklassniki.ru,Agender
Shanta,Haffner,shaffnerm1@networksolutions.com,Female
Joni,Perrottet,jperrottetm2@abc.net.au,Female
Randolph,Wilkie,rwilkiem3@amazon.com,Male
Bartholomeo,Oxby,boxbym4@posterous.com,Male
Arabelle,Tures,aturesm5@blog.com,Female
Alexis,Hacquoil,ahacquoilm6@usatoday.com,Male
Ruby,Tallent,rtallentm7@is.gd,Male
Eva,Digges,ediggesm8@cornell.edu,Female
Gwyn,Gozzett,ggozzettm9@telegraph.co.uk,Female
Alfons,Sackur,asackurma@ox.ac.uk,Agender
Mariana,Knipe,mknipemb@shareasale.com,Female
Michail,Freire,mfreiremc@1und1.de,Male
Wittie,Hagland,whaglandmd@nytimes.com,Male
Gerome,Woolacott,gwoolacottme@kickstarter.com,Male
Arnuad,Arlow,aarlowmf@yahoo.co.jp,Male
Saunderson,Danson,sdansonmg@naver.com,Male
Moe,Tulk,mtulkmh@vinaora.com,Male
Prince,Amor,pamormi@craigslist.org,Male
Doretta,Barrow,dbarrowmj@typepad.com,Female
Karleen,Horlick,khorlickmk@jugem.jp,Female
Zeb,Malenfant,zmalenfantml@psu.edu,Male
Sherman,Chellam,schellammm@unblog.fr,Genderqueer
Bonita,Coughtrey,bcoughtreymn@homestead.com,Female
Diane-marie,Jouannin,djouanninmo@skype.com,Female
Allison,Tyhurst,atyhurstmp@amazon.co.uk,Female
Kayla,Gerhartz,kgerhartzmq@java.com,Female
Portia,Sawford,psawfordmr@spotify.com,Female
Carolann,Screas,cscreasms@ft.com,Female
Haslett,McDougald,hmcdougaldmt@domainmarket.com,Male
Christiano,Malatalant,cmalatalantmu@sciencedaily.com,Male
Milzie,Takle,mtaklemv@usda.gov,Genderfluid
Klaus,Hassewell,khassewellmw@freewebs.com,Male
Alva,Doby,adobymx@fc2.com,Male
Zacharias,Geram,zgerammy@domainmarket.com,Male
Alic,Gennings,agenningsmz@weebly.com,Male
Kaitlin,Nellen,knellenn0@bloglovin.com,Female
Clay,Linge,clingen1@wunderground.com,Male
Hannah,Imeson,himesonn2@ycombinator.com,Female
Dannye,Dye,ddyen3@blogtalkradio.com,Female
Humfrey,Kilrow,hkilrown4@rediff.com,Male
Alma,Donneely,adonneelyn5@usgs.gov,Female
Michel,Flukes,mflukesn6@unc.edu,Male
Barthel,Heinsius,bheinsiusn7@army.mil,Male
Erik,O'Loughane,eoloughanen8@a8.net,Male
Gare,Hollyman,ghollymann9@huffingtonpost.com,Male
Halie,Pear,hpearna@storify.com,Female
Leo,Rathborne,lrathbornenb@topsy.com,Male
Vladimir,Bossingham,vbossinghamnc@wikispaces.com,Male
Travus,Tallant,ttallantnd@bbb.org,Male
Mitchel,Grent,mgrentne@eepurl.com,Male
Fonsie,Coult,fcoultnf@discovery.com,Genderfluid
Waylen,Nuton,wnutonng@stumbleupon.com,Male
Sonny,Dacks,sdacksnh@wordpress.org,Male
Stephine,Hiddsley,shiddsleyni@aboutads.info,Female
Johny,Byfford,jbyffordnj@ning.com,Male
Collete,Vasyagin,cvasyaginnk@epa.gov,Female
Christye,Giscken,cgisckennl@photobucket.com,Female
Griselda,Yegorkin,gyegorkinnm@newyorker.com,Female
Irving,Rowthorn,irowthornnn@google.de,Male
Stanley,Woolston,swoolstonno@google.com.hk,Male
Juanita,Hawkey,jhawkeynp@reuters.com,Female
Batholomew,Simonazzi,bsimonazzinq@hhs.gov,Male
Darwin,De la croix,ddelacroixnr@examiner.com,Male
Ransom,Baradel,rbaradelns@mac.com,Male
Bryant,Breagan,bbreagannt@dedecms.com,Male
Had,Martyntsev,hmartyntsevnu@vimeo.com,Agender
Godfry,Willes,gwillesnv@skype.com,Male
Pammie,Martelet,pmarteletnw@slashdot.org,Female
Enrique,Belcham,ebelchamnx@dagondesign.com,Male
Alexandre,Pariso,aparisony@theguardian.com,Male
Fonsie,Grahlman,fgrahlmannz@cnn.com,Male
Malachi,Tison,mtisono0@telegraph.co.uk,Male
Ruthi,Boig,rboigo1@toplist.cz,Genderqueer
Joly,Ceresa,jceresao2@scribd.com,Female
Dynah,Lockitt,dlockitto3@bbb.org,Female
Jere,Croson,jcrosono4@ehow.com,Male
Zorina,Dwine,zdwineo5@naver.com,Female
Ade,Berecloth,abereclotho6@wiley.com,Male
Karisa,Creasey,kcreaseyo7@ustream.tv,Female
Charlot,Sherred,csherredo8@nih.gov,Female
Aeriela,Patriche,apatricheo9@altervista.org,Female
Shelbi,Izacenko,sizacenkooa@storify.com,Female
Barr,Murley,bmurleyob@blog.com,Male
Lucilia,MacKall,lmackalloc@sphinn.com,Genderqueer
Ara,Osanne,aosanneod@guardian.co.uk,Female
Veronique,Shayler,vshayleroe@free.fr,Bigender
Madalena,McCart,mmccartof@prweb.com,Bigender
De witt,Martill,dmartillog@rambler.ru,Male
Wilona,Holliar,wholliaroh@sciencedaily.com,Non-binary
Whitney,Clevely,wclevelyoi@delicious.com,Female
Gayleen,Lagneaux,glagneauxoj@ovh.net,Genderfluid
Maressa,Whelpdale,mwhelpdaleok@baidu.com,Non-binary
Richart,Loomis,rloomisol@tumblr.com,Male
Christophorus,Vedntyev,cvedntyevom@rambler.ru,Male
Petrina,Riddett,priddetton@dmoz.org,Bigender
Clint,Vasilischev,cvasilischevoo@google.de,Male
Granger,Reddick,greddickop@nature.com,Male
Balduin,Hayer,bhayeroq@drupal.org,Male
Adams,Tames,atamesor@china.com.cn,Male
Manya,Trowill,mtrowillos@craigslist.org,Female
Fulvia,Goncalo,fgoncaloot@naver.com,Female
Millie,Morfey,mmorfeyou@goo.ne.jp,Female
Loren,Gommowe,lgommoweov@unc.edu,Male
Sayers,Torr,storrow@hugedomains.com,Male
Puff,Robard,probardox@kickstarter.com,Male
Sadie,Shrubsall,sshrubsalloy@woothemes.com,Female
Rabbi,O' Dooley,rodooleyoz@ehow.com,Male
Raff,Kobiela,rkobielap0@apache.org,Non-binary
Pauletta,Cathery,pcatheryp1@cnet.com,Female
Claudetta,Shallo,cshallop2@hc360.com,Female
Annabella,Behninck,abehninckp3@hexun.com,Female
Wolfie,Strangwood,wstrangwoodp4@virginia.edu,Male
Lianne,Sedgwick,lsedgwickp5@noaa.gov,Female
Karel,Liddyard,kliddyardp6@taobao.com,Female
Ivie,Agney,iagneyp7@mediafire.com,Female
Neil,Kersley,nkersleyp8@chronoengine.com,Male
Hy,Jennings,hjenningsp9@google.com.br,Male
Lacie,Otson,lotsonpa@constantcontact.com,Female
Jessey,Everley,jeverleypb@dedecms.com,Male
Anjela,Laird-Craig,alairdcraigpc@go.com,Female
Nikos,Jerred,njerredpd@trellian.com,Male
Garrott,Darwent,gdarwentpe@a8.net,Male
Sallyann,Bumpas,sbumpaspf@istockphoto.com,Female
Butch,Riepel,briepelpg@google.com.hk,Male
Grady,Figgs,gfiggsph@seattletimes.com,Male
Taddeusz,Skene,tskenepi@plala.or.jp,Male
Kirsteni,Muzzi,kmuzzipj@google.co.uk,Female
Amalee,Hitcham,ahitchampk@histats.com,Female
Griffith,Reiner,greinerpl@1688.com,Male
Crin,Nutton,cnuttonpm@ihg.com,Female
Vonni,Mikalski,vmikalskipn@samsung.com,Female
Will,Gillice,wgillicepo@example.com,Male
Revkah,Alleyn,ralleynpp@123-reg.co.uk,Non-binary
Horten,Ovell,hovellpq@theglobeandmail.com,Male
Kalvin,Elnough,kelnoughpr@thetimes.co.uk,Male
Stephanie,Heale,shealeps@sitemeter.com,Female
Dre,Torricella,dtorricellapt@chronoengine.com,Female
Kiley,Maps,kmapspu@economist.com,Genderfluid
Dietrich,Bools,dboolspv@ihg.com,Male
Elle,Conry,econrypw@macromedia.com,Female
Wernher,Reddan,wreddanpx@facebook.com,Male
Krystle,Ruthven,kruthvenpy@who.int,Polygender
Thom,Matthai,tmatthaipz@so-net.ne.jp,Male
Genovera,Brothwell,gbrothwellq0@virginia.edu,Female
Averil,Brugden,abrugdenq1@mozilla.org,Male
Tawsha,Freathy,tfreathyq2@cargocollective.com,Female
Greer,Leethem,gleethemq3@businessweek.com,Female
Felipa,Baulcombe,fbaulcombeq4@sbwire.com,Female
Kara-lynn,Lozano,klozanoq5@rediff.com,Female
Merla,Matejovsky,mmatejovskyq6@dropbox.com,Female
Web,Filson,wfilsonq7@mysql.com,Male
Joletta,Pietzner,jpietznerq8@vinaora.com,Female
Sawyere,Ferreiro,sferreiroq9@usatoday.com,Male
Valeda,Glandfield,vglandfieldqa@github.io,Female
Ikey,Rothera,irotheraqb@salon.com,Male
Frederigo,Panting,fpantingqc@vinaora.com,Male
Lennard,Roz,lrozqd@parallels.com,Male
Juieta,MacCaughey,jmaccaugheyqe@cdc.gov,Female
Briny,Eskriett,beskriettqf@seattletimes.com,Female
Christian,Paoletto,cpaolettoqg@ask.com,Female
Burch,Niess,bniessqh@simplemachines.org,Male
Terri,Stedall,tstedallqi@cbc.ca,Male
Ilka,Britee,ibriteeqj@eventbrite.com,Female
Nathanil,Broughton,nbroughtonqk@smugmug.com,Male
Griffie,Aaronson,gaaronsonql@flickr.com,Male
Jamima,Minguet,jminguetqm@icio.us,Female
Fulton,Peet,fpeetqn@pcworld.com,Agender
Modesty,Row,mrowqo@home.pl,Female
Elianora,Christoffels,echristoffelsqp@cornell.edu,Female
Dev,Ellsom,dellsomqq@biglobe.ne.jp,Male
Gwynne,Gully,ggullyqr@sogou.com,Female
Verney,Shannon,vshannonqs@webeden.co.uk,Male
Armstrong,Ludewig,aludewigqt@guardian.co.uk,Male
Farley,Cuddehy,fcuddehyqu@usatoday.com,Male
Fiann,Sarfass,fsarfassqv@smh.com.au,Agender
Cristiano,Lambertz,clambertzqw@newsvine.com,Male
North,Sambrook,nsambrookqx@ucoz.com,Male
Kelly,Vales,kvalesqy@ucla.edu,Male
Chas,Barcroft,cbarcroftqz@studiopress.com,Agender
Conrad,Marcombe,cmarcomber0@soup.io,Male
Avrom,Witherington,awitheringtonr1@digg.com,Male
Clyde,Radki,cradkir2@washingtonpost.com,Male
Risa,Djokovic,rdjokovicr3@upenn.edu,Female
Quent,Heynel,qheynelr4@bloglovin.com,Male
Lanae,Pittel,lpittelr5@51.la,Female
Maddie,Ankers,mankersr6@canalblog.com,Agender
Benoite,Bickford,bbickfordr7@addtoany.com,Polygender
Robinetta,Burless,rburlessr8@spiegel.de,Female
Colette,Chettle,cchettler9@unblog.fr,Female
Ramon,Holtom,rholtomra@ovh.net,Male
Gerri,Fackrell,gfackrellrb@adobe.com,Male
Tobin,Pettigrew,tpettigrewrc@salon.com,Male
Donalt,Jewel,djewelrd@cnn.com,Male
Giffie,Lorence,glorencere@amazon.co.uk,Male
Wallis,Hurcombe,whurcomberf@dmoz.org,Male
Brade,Minichi,bminichirg@indiatimes.com,Male
Eunice,Bulteel,ebulteelrh@reuters.com,Female
Arman,Gutteridge,agutteridgeri@marketwatch.com,Male
Adam,Ghelerdini,aghelerdinirj@nasa.gov,Male
Dorthy,Ebbers,debbersrk@cbslocal.com,Female
Glendon,Meo,gmeorl@ucsd.edu,Male
Kara-lynn,Midford,kmidfordrm@sakura.ne.jp,Female
Thurstan,Feldmark,tfeldmarkrn@ebay.co.uk,Male
Casandra,Caris,ccarisro@vistaprint.com,Female
Imelda,Cicchitello,icicchitellorp@senate.gov,Female
Brig,Hebner,bhebnerrq@over-blog.com,Male
Sandy,Giacomelli,sgiacomellirr@imageshack.us,Male
